Incidentenbeheersing,WL 1,Bata-203
Incidentenbeheersing,WL 2,Bata-204
Incidentenbeheersing,Arts 1,Bata-211
Incidentenbeheersing,Arts 2,Bata-212
Incidentenbeheersing,Arts 3,Bata-213
Incidentenbeheersing,Arts 4,Bata-214
Incidentenbeheersing,Arts 5,Bata-215
Incidentenbeheersing,Arts 6,Bata-216
Incidentenbeheersing,Mobiele Arts,Bata-217
Incidentenbeheersing,(Her)start Arts,Bata-218
Incidentenbeheersing,Arts 4 motor,Bata-219
Incidentenbeheersing,Res. Rijder 1,Bata-241
Incidentenbeheersing,Res. Rijder 2,Bata-242
Incidentenbeheersing,Res. Rijder 3,Bata-243
Incidentenbeheersing,Calamiteiten coordinator, Bata-244
Incidentenbeheersing,RVD1,Bata-250
Incidentenbeheersing,RVD2,Bata-251
Incidentenbeheersing,Ploegleider 1,Bata-271
Incidentenbeheersing,Ploegleider 2,Bata-272
Incidentenbeheersing,Ploegleider 3,Bata-273
Incidentenbeheersing,Ploegleider 4,Bata-274
Incidentenbeheersing,Ploegleider 5,Bata-275
Incidentenbeheersing,Ploegleider IO1,Bata-276
Route,BW 1,Bata-221
Route,BW 2,Bata-222
Route,KP,Bata-223
Route,BZB,Bata-224
Route,ZAB 1,Bata-225
Route,ZAB 2,Bata-226
Route,ZAB 3,Bata-227
Route,Waterpunt KP,Bata-228
Route,BART 1,Bata-231
Route,BART 2,Bata-232
Route,BUB,Bata-233
Route,HCW,Bata-252
Route,Infobaliebus,Bata-253
Route,Lustrumbus,Bata-254
Route,WPP A,Bata-261
Route,WPP B,Bata-262
Route,WPP C,Bata-263
Route,WPP D,Bata-264
Route,WPP E,Bata-265
Route,WPP F,Bata-266
Route,WPP G,Bata-267
Route,WPP H,Bata-268
Route,WPP I,Bata-269
Reserve, Res. Mob 1,Bata-281
Reserve, Res. Mob 2,Bata-282
Reserve, Res. Porto 1,Bata-283
Reserve, Res. Porto 2,Bata-284
Reserve, Res. Porto 3,Bata-285

